Productname,Pricing,Rating
Productname,Pricing,Rating
Apple iPhone 7 (Black, 32 GB)₹27,999₹29,9006% offNo Cost EMIUpto ₹14,050 Off on ExchangeApple iPhone 7 (Rose Gold, 32 GB)₹27,999₹29,9006% offNo Cost EMIUpto ₹14,050 Off on ExchangeApple iPhone 7 (Gold, 32 GB)₹27,999₹29,9006% offNo Cost EMIUpto ₹14,050 Off on ExchangeApple iPhone 7 Plus (Rose Gold, 32 GB)₹27,999₹29,9006% offNo Cost EMIUpto ₹14,050 Off on ExchangeApple iPhone XR (White, 64 GB)₹27,999₹29,9006% offNo Cost EMIUpto ₹14,050 Off on ExchangeApple iPhone 11 (Black, 128 GB)₹27,999₹29,9006% offNo Cost EMIUpto ₹14,050 Off on ExchangeApple iPhone 11 (Green, 64 GB)₹27,999₹29,9006% offNo Cost EMIUpto ₹14,050 Off on ExchangeApple iPhone 11 (White, 64 GB)₹27,999₹29,9006% offNo Cost EMIUpto ₹14,050 Off on ExchangeApple iPhone 11 (White, 128 GB)₹27,999₹29,9006% offNo Cost EMIUpto ₹14,050 Off on ExchangeApple iPhone 8 (Space Grey, 64 GB)₹27,999₹29,9006% offNo Cost EMIUpto ₹14,050 Off on ExchangeApple iPhone 11 (Purple, 128 GB)₹27,999₹29,9006% offNo Cost EMIUpto ₹14,050 Off on ExchangeApple iPhone 7 Plus (Black, 32 GB)₹27,999₹29,9006% offNo Cost EMIUpto ₹14,050 Off on ExchangeApple iPhone 6s (Space Grey, 32 GB)₹27,999₹29,9006% offNo Cost EMIUpto ₹14,050 Off on ExchangeApple iPhone 7 Plus (Gold, 32 GB)₹27,999₹29,9006% offNo Cost EMIUpto ₹14,050 Off on ExchangeApple iPhone 11 (Purple, 64 GB)₹27,999₹29,9006% offNo Cost EMIUpto ₹14,050 Off on ExchangeApple iPhone 11 (Black, 64 GB)₹27,999₹29,9006% offNo Cost EMIUpto ₹14,050 Off on ExchangeApple iPhone 11 (Red, 128 GB)₹27,999₹29,9006% offNo Cost EMIUpto ₹14,050 Off on ExchangeApple iPhone XR ((PRODUCT)RED, 64 GB)₹27,999₹29,9006% offNo Cost EMIUpto ₹14,050 Off on ExchangeApple iPhone 8 (Gold, 64 GB)₹27,999₹29,9006% offNo Cost EMIUpto ₹14,050 Off on ExchangeApple iPhone 11 (Red, 64 GB)₹27,999₹29,9006% offNo Cost EMIUpto ₹14,050 Off on ExchangeApple iPhone XR (Black, 128 GB)₹27,999₹29,9006% offNo Cost EMIUpto ₹14,050 Off on ExchangeApple iPhone XR ((PRODUCT)RED, 128 GB)₹27,999₹29,9006% offNo Cost EMIUpto ₹14,050 Off on ExchangeApple iPhone XS (Gold, 64 GB)₹27,999₹29,9006% offNo Cost EMIUpto ₹14,050 Off on ExchangeApple iPhone XR (Black, 64 GB)₹27,999₹29,9006% offNo Cost EMIUpto ₹14,050 Off on ExchangeApple iPhone 7 (Black, 32 GB)₹27,999₹29,9006% offNo Cost EMIUpto ₹14,050 Off on Exchange4.578,445 Ratings & 8,171 Reviews
Apple iPhone 7 (Rose Gold, 32 GB)₹27,999₹29,9006% offNo Cost EMIUpto ₹14,050 Off on Exchange4.578,445 Ratings & 8,171 Reviews
Apple iPhone 7 (Gold, 32 GB)₹27,999₹29,9006% offNo Cost EMIUpto ₹14,050 Off on Exchange4.578,445 Ratings & 8,171 Reviews
Apple iPhone 7 Plus (Rose Gold, 32 GB)₹27,999₹29,9006% offNo Cost EMIUpto ₹14,050 Off on Exchange4.578,445 Ratings & 8,171 Reviews
Apple iPhone XR (White, 64 GB)₹27,999₹29,9006% offNo Cost EMIUpto ₹14,050 Off on Exchange4.578,445 Ratings & 8,171 Reviews
Apple iPhone 11 (Black, 128 GB)₹27,999₹29,9006% offNo Cost EMIUpto ₹14,050 Off on Exchange4.578,445 Ratings & 8,171 Reviews
Apple iPhone 11 (Green, 64 GB)₹27,999₹29,9006% offNo Cost EMIUpto ₹14,050 Off on Exchange4.578,445 Ratings & 8,171 Reviews
Apple iPhone 11 (White, 64 GB)₹27,999₹29,9006% offNo Cost EMIUpto ₹14,050 Off on Exchange4.578,445 Ratings & 8,171 Reviews
Apple iPhone 11 (White, 128 GB)₹27,999₹29,9006% offNo Cost EMIUpto ₹14,050 Off on Exchange4.578,445 Ratings & 8,171 Reviews
Apple iPhone 8 (Space Grey, 64 GB)₹27,999₹29,9006% offNo Cost EMIUpto ₹14,050 Off on Exchange4.578,445 Ratings & 8,171 Reviews
Apple iPhone 11 (Purple, 128 GB)₹27,999₹29,9006% offNo Cost EMIUpto ₹14,050 Off on Exchange4.578,445 Ratings & 8,171 Reviews
Apple iPhone 7 Plus (Black, 32 GB)₹27,999₹29,9006% offNo Cost EMIUpto ₹14,050 Off on Exchange4.578,445 Ratings & 8,171 Reviews
Apple iPhone 6s (Space Grey, 32 GB)₹27,999₹29,9006% offNo Cost EMIUpto ₹14,050 Off on Exchange4.578,445 Ratings & 8,171 Reviews
Apple iPhone 7 Plus (Gold, 32 GB)₹27,999₹29,9006% offNo Cost EMIUpto ₹14,050 Off on Exchange4.578,445 Ratings & 8,171 Reviews
Apple iPhone 11 (Purple, 64 GB)₹27,999₹29,9006% offNo Cost EMIUpto ₹14,050 Off on Exchange4.578,445 Ratings & 8,171 Reviews
Apple iPhone 11 (Black, 64 GB)₹27,999₹29,9006% offNo Cost EMIUpto ₹14,050 Off on Exchange4.578,445 Ratings & 8,171 Reviews
Apple iPhone 11 (Red, 128 GB)₹27,999₹29,9006% offNo Cost EMIUpto ₹14,050 Off on Exchange4.578,445 Ratings & 8,171 Reviews
Apple iPhone XR ((PRODUCT)RED, 64 GB)₹27,999₹29,9006% offNo Cost EMIUpto ₹14,050 Off on Exchange4.578,445 Ratings & 8,171 Reviews
Apple iPhone 8 (Gold, 64 GB)₹27,999₹29,9006% offNo Cost EMIUpto ₹14,050 Off on Exchange4.578,445 Ratings & 8,171 Reviews
Apple iPhone 11 (Red, 64 GB)₹27,999₹29,9006% offNo Cost EMIUpto ₹14,050 Off on Exchange4.578,445 Ratings & 8,171 Reviews
Apple iPhone XR (Black, 128 GB)₹27,999₹29,9006% offNo Cost EMIUpto ₹14,050 Off on Exchange4.578,445 Ratings & 8,171 Reviews
Apple iPhone XR ((PRODUCT)RED, 128 GB)₹27,999₹29,9006% offNo Cost EMIUpto ₹14,050 Off on Exchange4.578,445 Ratings & 8,171 Reviews
Apple iPhone XS (Gold, 64 GB)₹27,999₹29,9006% offNo Cost EMIUpto ₹14,050 Off on Exchange4.578,445 Ratings & 8,171 Reviews
Apple iPhone XR (Black, 64 GB)₹27,999₹29,9006% offNo Cost EMIUpto ₹14,050 Off on Exchange4.578,445 Ratings & 8,171 Reviews
Apple iPhone 7 (Black, 32 GB)₹27,999₹29,9006% offNo Cost EMIUpto ₹14,050 Off on Exchange4.578,445 Ratings & 8,171 Reviews
Apple iPhone 7 (Rose Gold, 32 GB)₹27,999₹29,9006% offNo Cost EMIUpto ₹14,050 Off on Exchange4.578,445 Ratings & 8,171 Reviews
Apple iPhone 7 (Gold, 32 GB)₹27,999₹29,9006% offNo Cost EMIUpto ₹14,050 Off on Exchange4.578,445 Ratings & 8,171 Reviews
Apple iPhone 7 Plus (Rose Gold, 32 GB)₹27,999₹29,9006% offNo Cost EMIUpto ₹14,050 Off on Exchange4.578,445 Ratings & 8,171 Reviews
Apple iPhone XR (White, 64 GB)₹27,999₹29,9006% offNo Cost EMIUpto ₹14,050 Off on Exchange4.578,445 Ratings & 8,171 Reviews
Apple iPhone 11 (Black, 128 GB)₹27,999₹29,9006% offNo Cost EMIUpto ₹14,050 Off on Exchange4.578,445 Ratings & 8,171 Reviews
Apple iPhone 11 (Green, 64 GB)₹27,999₹29,9006% offNo Cost EMIUpto ₹14,050 Off on Exchange4.578,445 Ratings & 8,171 Reviews
Apple iPhone 11 (White, 64 GB)₹27,999₹29,9006% offNo Cost EMIUpto ₹14,050 Off on Exchange4.578,445 Ratings & 8,171 Reviews
Apple iPhone 11 (White, 128 GB)₹27,999₹29,9006% offNo Cost EMIUpto ₹14,050 Off on Exchange4.578,445 Ratings & 8,171 Reviews
Apple iPhone 8 (Space Grey, 64 GB)₹27,999₹29,9006% offNo Cost EMIUpto ₹14,050 Off on Exchange4.578,445 Ratings & 8,171 Reviews
Apple iPhone 11 (Purple, 128 GB)₹27,999₹29,9006% offNo Cost EMIUpto ₹14,050 Off on Exchange4.578,445 Ratings & 8,171 Reviews
Apple iPhone 7 Plus (Black, 32 GB)₹27,999₹29,9006% offNo Cost EMIUpto ₹14,050 Off on Exchange4.578,445 Ratings & 8,171 Reviews
Apple iPhone 6s (Space Grey, 32 GB)₹27,999₹29,9006% offNo Cost EMIUpto ₹14,050 Off on Exchange4.578,445 Ratings & 8,171 Reviews
Apple iPhone 7 Plus (Gold, 32 GB)₹27,999₹29,9006% offNo Cost EMIUpto ₹14,050 Off on Exchange4.578,445 Ratings & 8,171 Reviews
Apple iPhone 11 (Purple, 64 GB)₹27,999₹29,9006% offNo Cost EMIUpto ₹14,050 Off on Exchange4.578,445 Ratings & 8,171 Reviews
Apple iPhone 11 (Black, 64 GB)₹27,999₹29,9006% offNo Cost EMIUpto ₹14,050 Off on Exchange4.578,445 Ratings & 8,171 Reviews
Apple iPhone 11 (Red, 128 GB)₹27,999₹29,9006% offNo Cost EMIUpto ₹14,050 Off on Exchange4.578,445 Ratings & 8,171 Reviews
Apple iPhone XR ((PRODUCT)RED, 64 GB)₹27,999₹29,9006% offNo Cost EMIUpto ₹14,050 Off on Exchange4.578,445 Ratings & 8,171 Reviews
Apple iPhone 8 (Gold, 64 GB)₹27,999₹29,9006% offNo Cost EMIUpto ₹14,050 Off on Exchange4.578,445 Ratings & 8,171 Reviews
Apple iPhone 11 (Red, 64 GB)₹27,999₹29,9006% offNo Cost EMIUpto ₹14,050 Off on Exchange4.578,445 Ratings & 8,171 Reviews
